{
    "Location": "https://cloudfront.amazonaws.com/2019-03-26/distribution/ED99RXZ6B7YYV",
    "ETag": "E2RCWY79FT7KCH",
    "Distribution": {
        "Id": "ED99RXZ6B7YYV",
        "ARN": "arn:aws:cloudfront::238060525249:distribution/ED99RXZ6B7YYV",
        "Status": "InProgress",
        "LastModifiedTime": "2019-07-12T19:41:47.328Z",
        "InProgressInvalidationBatches": 0,
        "DomainName": "d3dmdt5xjyldb8.cloudfront.net",
        "ActiveTrustedSigners": {
            "Enabled": false,
            "Quantity": 0
        },
        "DistributionConfig": {
            "CallerReference": "cli-1562960506-296383",
            "Aliases": {
                "Quantity": 0
            },
            "DefaultRootObject": "index.html",
            "Origins": {
                "Quantity": 1,
                "Items": [
                    {
                        "Id": "napsg-webapp2.s3.amazonaws.com-1562960506-709694",
                        "DomainName": "napsg-webapp2.s3.amazonaws.com",
                        "OriginPath": "",
                        "CustomHeaders": {
                            "Quantity": 0
                        },
                        "S3OriginConfig": {
                            "OriginAccessIdentity": ""
                        }
                    }
                ]
            },
            "OriginGroups": {
                "Quantity": 0
            },
            "DefaultCacheBehavior": {
                "TargetOriginId": "napsg-webapp2.s3.amazonaws.com-1562960506-709694",
                "ForwardedValues": {
                    "QueryString": false,
                    "Cookies": {
                        "Forward": "none"
                    },
                    "Headers": {
                        "Quantity": 0
                    },
                    "QueryStringCacheKeys": {
                        "Quantity": 0
                    }
                },
                "TrustedSigners": {
                    "Enabled": false,
                    "Quantity": 0
                },
                "ViewerProtocolPolicy": "allow-all",
                "MinTTL": 0,
                "AllowedMethods": {
                    "Quantity": 2,
                    "Items": [
                        "HEAD",
                        "GET"
                    ],
                    "CachedMethods": {
                        "Quantity": 2,
                        "Items": [
                            "HEAD",
                            "GET"
                        ]
                    }
                },
                "SmoothStreaming": false,
                "DefaultTTL": 86400,
                "MaxTTL": 31536000,
                "Compress": false,
                "LambdaFunctionAssociations": {
                    "Quantity": 0
                },
                "FieldLevelEncryptionId": ""
            },
            "CacheBehaviors": {
                "Quantity": 0
            },
            "CustomErrorResponses": {
                "Quantity": 0
            },
            "Comment": "",
            "Logging": {
                "Enabled": false,
                "IncludeCookies": false,
                "Bucket": "",
                "Prefix": ""
            },
            "PriceClass": "PriceClass_All",
            "Enabled": true,
            "ViewerCertificate": {
                "CloudFrontDefaultCertificate": true,
                "MinimumProtocolVersion": "TLSv1",
                "CertificateSource": "cloudfront"
            },
            "Restrictions": {
                "GeoRestriction": {
                    "RestrictionType": "none",
                    "Quantity": 0
                }
            },
            "WebACLId": "",
            "HttpVersion": "http2",
            "IsIPV6Enabled": true
        }
    }
}
